id,sold_price,predicted_price
432259,165000,177465.053375
679044,547577,532782.27840625
1322973,443750,458584.8030625
28508,417000,416645.35318750003
148784,250000,225644.18625
735717,665000,661400.8826250001
508706,370000,358836.30574999994
1610739,250000,252294.97118750002
61576,325000,323989.22278125
99670,290000,289113.94125
1375886,475000,475712.482
1405990,80000,80353.71190625
1877750,252500,208898.76637499998
179923,643500,646842.124375
1561874,235000,236536.181
827710,250000,295999.4715
972391,229000,245004.555
1497827,660000,633232.4090625
843863,194800,225716.6611875
260069,220000,226912.30737499997
185599,463000,473832.87453125004
1269247,168000,158632.5234375
979846,388000,384560.247125
615269,340000,416677.44299999997
156176,280000,281379.70931249997
1535023,255000,254328.787453125
65264,285000,269268.757125
660521,520000,535427.761875
256460,294118,251886.206875
1425844,195000,190982.37775
653353,485000,499670.89249999996
308281,250000,246884.34312499998
988250,325000,342082.3575
1719097,510000,522141.19281250006
911230,490000,479693.50800000003
995039,290000,286573.85643750004
1409611,482863,481114.0757500001
904183,255000,252623.099546875
1869640,270000,269643.51075
1646828,335000,336448.04643750004
1801410,250000,243774.1345
1893610,450000,462733.27343750006
172749,225000,211078.22315625002
1102541,415000,417813.01375
450186,227500,229094.685234375
1494237,255000,255544.61981249996
827471,349000,346900.6115625
591501,100000,104636.555
1527445,290000,282670.71
1490597,312000,264250.393453125
484855,265000,212585.05518750002
870424,285000,259399.12542187504
310285,500000,227754.90412500003
1406434,564000,621695.7435
461745,750000,758048.686625
987716,450000,470775.92921875
1706702,141250,138558.9761171875
1718826,675000,678490.3828125
1908875,640000,638667.09725
1805237,497000,502682.5708125
1140473,310000,297833.38325
1696506,485000,476491.92678125
660050,294000,296681.0625
1643162,855500,534884.3558125
279832,121110,131682.43921875
1412411,357000,356004.57343750005
1930947,390000,390763.7668125
1862099,220000,216478.7371875
1376232,400000,383590.43109375
1253713,200000,196422.75975
849196,348458,349201.21396875003
196439,202000,193064.8424375
180535,610200,608918.2525
752212,230000,337471.745625
1519747,650000,655314.89925
858503,375000,387440.613125
1642765,160000,163335.59534375
1520580,345000,312287.61890625005
104331,360000,367056.00325
832037,410000,391442.19606249995
65421,260000,260708.036625
1086560,200000,201999.257890625
806559,206390,220245.96615625
1117672,260000,247726.62634375
424525,345000,310704.585625
1618227,340000,313837.5441875
728415,165000,175560.42004687502
1828,220000,218213.7915
1307930,446350,441946.97437500005
588548,128000,124469.39776562499
1067340,207000,187931.924296875
1794401,225000,226744.49671875
1213888,365000,378682.62928125
740459,229500,229051.268015625
1689205,103000,107161.54225
625665,246000,238432.6228125
1627319,150000,202595.394375
51086,100000,97925.46734375002
271365,335000,336724.499625
470430,805000,803793.3243750001
545853,480000,428081.1993125
1327619,1200000,1202439.819125
233654,152000,160242.89831249998
1292119,380000,387443.272125
1703014,700000,722360.2396874999
1939460,167500,171391.192875
1944544,200000,191016.10603125
233537,220000,226605.661140625
1002721,525000,522952.203375
846535,726785,791235.305625
1452492,500000,503860.8555
1318312,572467,571206.4571250001
1237531,384200,382121.2629375
1809228,335000,329072.209125
142045,230000,225081.07125
820217,250000,236700.71140625
1559118,167000,160207.45200000002
1087134,755000,770119.0125
573793,240000,231027.90740625001
881500,3730000,3730981.93
841521,377000,365212.86165625
1791708,125000,137339.974078125
569462,390000,369580.07975
838984,223500,218358.86049999998
603604,320000,329641.5294375
1566710,280000,283793.29571875
1103406,515000,519940.69875
1802460,150000,135905.44203125
80224,109000,105562.66284375002
241503,173000,206247.04218750002
1360307,257000,257341.74609375
732032,250000,253414.39335937498
1635833,355000,357153.52475
1647001,135000,144141.04309375
863652,500000,431629.13671875
1449324,405000,406424.23828125
218495,150000,152139.02695312502
126761,658000,670912.715875
1725862,130000,132107.72859374998
1247205,170000,183318.1826875
653536,90000,104011.6826484375
280078,172000,172673.509921875
1650000,335000,331508.7315
1112715,300000,299319.88831249997
1011128,752000,744819.293625
661177,525000,529934.02
323538,250000,211471.62890625
583472,117000,1009319.201
431346,160000,171803.4979375
1900773,120000,135530.32896875002
831183,174039,175233.7434375
939922,170000,162719.3491875
1863208,300000,291417.8678125
1253951,170000,167160.597328125
895958,485000,476951.2153437501
1162090,531000,531865.5192499999
249911,235000,359038.13034375006
1839458,340000,333967.737875
424279,545000,539519.1205625
751372,455000,445107.85515625
775208,541000,540274.8022500001
35955,530000,507239.59112500004
165032,300000,314726.117625
301031,106300,144932.51390625
675992,700000,699747.8557500001
1649992,881000,371769.97893750004
1421148,232000,223752.80640625002
561354,301500,307939.2785625
1093935,433332,450190.40625
1132446,500000,511065.5975
1258289,600000,600375.823375
454435,710000,453366.46940625005
629436,580000,579393.455875
1125048,132819,143492.0245
1725784,152000,158703.58546875
698259,220000,213450.0515
1452624,340000,349451.03175
1907782,715000,725190.4301250001
1048782,148000,134025.01475
1192792,955000,945670.033
797818,222000,221651.6990625
926385,665000,374132.1828125
630219,515000,518575.5290625
1658041,204500,198654.8396875
1049569,375000,378448.258125
561459,150000,152124.05221875
1315564,332000,331987.8825
1366392,410000,404744.9735
1132627,815000,818343.9679999999
318174,2150000,2154069.45075
1270086,275000,270504.745875
80179,251000,174470.695
474101,375000,376055.36596875
568583,338000,339068.91796875
727668,425000,427179.50600000005
1102541,317000,309710.1216875
797440,440000,436546.1296875
941736,145000,148708.4422265625
432041,420000,423305.69118749996
455002,799890,800226.2343125
384130,180000,304250.58259375
980848,345000,342482.25346875
854152,148000,213056.3536875
1445024,350000,349331.92812500003
209258,925000,924218.6892500002
1397726,395000,383463.43250000005
1359976,360000,349389.90637499996
1507550,221000,220032.760765625
567012,375000,373413.04706250003
302415,75000,78703.3345
173549,160299,152977.18437499998
1846867,430000,432418.14524999994
226101,151277,153326.345921875
1444197,243956,237832.91803125
573270,260000,260221.635
1620542,402000,473832.87453125004
1127788,525000,516846.82725
1635419,246608,650951.139125
1390439,335000,379126.158125
881491,650000,665090.4434999999
1794106,99000,109554.01831249999
1681250,320000,325483.73325
812088,126000,132006.5938515625
1460122,495000,500035.9814375
442460,245000,241009.92309375
652873,575000,583434.96859375
633214,1000000,1000618.2965625001
1124048,255000,247674.14375
1391618,860000,865058.2801875002
626706,305000,290569.67534375004
1277391,278573,305337.2080625
744380,450000,472606.0119375
1094197,200000,200116.449
1851764,148000,157509.73671875
888654,244000,253341.17615625
224380,302500,299949.98259375
57818,321000,338472.10959375
1558617,140000,138230.18390625002
467768,230000,291417.8678125
1914131,596500,592288.65815625
630636,180000,176874.81875
843463,685000,687053.890125
884542,448017,430752.38625000004
53729,168000,165138.451171875
1855099,220000,244006.88906250003
203767,1087500,1086767.105625
142261,240000,229541.43859375
1060003,302500,306923.58928125
538303,240000,238858.8789375
202698,100000,98185.88401562501
173191,401000,406929.0525
1756061,222000,216914.1339375
1296409,245000,250798.53740625002
1711065,255000,251786.43740625004
1442042,395000,315760.69290624995
1011441,1000000,1000393.8099999999
934059,502000,499561.55012499995
691089,295000,294889.02975
166051,120264,120295.6826796875
739484,190970,192741.70518750002
888649,265000,269276.72400000005
897179,510000,514859.301
1894546,206390,161542.35684375
736741,125000,139058.73190625
1368804,175000,163288.38400000002
1136591,178619,182371.9128125
1201704,265000,284705.694
614789,423000,422193.41903125
1379684,326000,325978.4023125
1049496,2205000,2100422.828
1462689,448018,451080.73687500006
774636,256000,250763.9485
1132850,105000,101351.067125
1238538,395000,389862.4235
691677,320000,317067.41625
1201557,150000,147210.63787500001
508850,632000,615092.11140625
564509,233000,231225.62953125
408291,150000,152869.22
1779600,975000,972029.543125
386610,347500,392237.62921875005
321103,1144933,1145389.727625
865584,210000,203291.75384375
1628309,510000,493227.4614375
980954,425000,424094.63843750005
1759913,836299,791235.305625
470165,485000,475389.78793750005
111456,132000,169044.32278125
1542873,190000,206292.31126562497
1034483,330000,323593.51171875
1860182,330000,431629.13671875
940055,285000,276849.89915625
462475,260000,255607.59500000003
1611927,220000,222802.3865
1880856,186450,176389.652953125
1146817,247500,238839.4886875
866580,182000,185143.69475
699099,202000,254958.33060937503
1880903,282000,260646.96384375004
857869,433000,398522.57453125005
755060,425000,420874.4409375
1388458,315000,326852.88325
1505737,124000,138953.96221875
750984,290000,291124.12450000003
1885764,220000,225246.78725
378808,376000,377675.12743750005
1935623,430000,349986.427125
1057124,260000,257034.87928125003
1056755,580000,578450.1385
107487,505000,513406.2788437501
343990,290000,289172.3390625
20812,1270000,1260489.85425
1238647,232500,215961.91759375
962223,148000,147812.11959375002
945325,316411,316769.50500000006
1038378,195000,202707.26162499998
1483060,187000,179186.143125
711619,359000,370889.80312500003
1201714,237000,233774.27774999998
988419,940000,935802.334375
1710402,302000,306456.8275
1018370,170000,169155.59821874998
1250999,230000,225967.812125
1548645,150500,158543.24890625
1650360,161000,162577.72182812498
321386,316000,323374.88671875
1608116,572467,571493.649
1033373,950000,958073.7487499999
35175,135000,139519.91437500002
1292398,515000,521405.8275
781447,198000,195479.768453125
317293,280000,279435.04917187506
347560,340000,327851.2396875
995111,297000,273912.7925
688618,865000,865686.9275
508493,485000,480380.11218750005
1885766,160000,160987.56175000002
416018,1150000,382521.31775
1832387,282444,286347.438
401088,118000,122886.13225000001
271660,398700,386552.9809375
946189,430000,435877.62890625
880988,300000,298108.85378124996
556836,260000,249607.0971875
119620,205000,205288.988125
618841,450000,364918.44674999994
271897,425000,425824.40437500004
286699,435000,435592.115
149698,455000,463238.68171875004
1908594,625000,639555.6899375
1368783,353333,364934.42750000005
812846,855000,848448.426
1578976,150000,179385.837890625
996205,108000,112488.816109375
1774597,301000,300629.67000000004
483285,300000,281047.34500000003
1859455,310000,309232.2193125
3128,292000,293947.99434375
195473,115000,114236.915625
1153696,225000,225644.18625
401088,270000,264428.20906250004
1155134,241500,237539.54059375
612331,487750,361918.79296875
1482609,541600,541496.965
267701,260000,239766.828125
1284330,402000,383668.94656250003
1527465,375000,376028.2067812501
1520886,315000,266686.394
744017,303656,298461.064984375
1635204,210000,213012.11628124997
1178432,618000,606506.9176562501
820910,162000,162304.76015625
842741,225000,231036.35746874998
1635395,610000,619564.75875
561074,142550,211471.62890625
569254,780000,784399.60875
1436643,1535500,1009319.201
579748,327700,351145.22587500006
1109634,267000,268389.4345
1056642,150000,148525.8402578125
1769448,237000,234931.06799999997
866539,235000,261693.82840625002
1300086,130000,159790.08740625
652326,300000,331190.5181875
53730,201000,205253.123625
809420,796476,791584.5196875
853955,202000,182335.5378125
1026620,230000,221998.61759374998
678707,995594,995946.8495
110169,199000,189580.063828125
383885,480000,497060.1641875001
550465,160000,197249.439453125
870269,435000,444882.17334375007
592321,151200,290318.15925
300174,270000,177072.24393750002
1382050,592650,591740.2156250001
26850,500000,395180.45406250004
8535,230000,250786.722046875
435973,140000,143162.745171875
1611620,220000,222136.74478125002
865574,640000,642070.422
545861,103000,111053.5110625
591313,188000,166773.20146875002
1793749,475000,472065.7095
371717,165000,175363.5214375
1931869,900000,896632.6045625
1863283,395000,501809.44921875
1406937,260000,252206.28562500002
805740,625000,633012.9626249999
1086472,280000,282137.09343749995
1231941,295000,290973.1925
1696711,450000,439254.73828125
1688203,300000,298167.899375
988190,805000,801867.1659375
1367824,190000,201957.05521875
1170641,734000,731398.2845
832306,63000,79669.785234375
69054,497798,498998.61562500003
325477,220000,216952.82284374998
416873,280000,252623.54609375005
1757068,155000,161452.6595
1452625,750000,535412.5540312501
1771178,115000,115641.29423437499
1181584,427000,410356.054125
1566333,511000,508897.26259375
1009634,290000,239580.510625
1589119,215000,206175.524953125
370446,450000,458503.0555625
1442601,269000,275334.8
381838,480000,478887.734375
1292766,399500,406375.44346875
1699378,295000,284867.31832812505
1094048,170000,197281.68075
1208543,330000,335972.8791875
468048,100000,104494.71292187499
1345808,205000,217325.16974999997
1160996,455000,435749.35375
819912,212000,194123.813375
827530,265000,260842.85150000002
268545,189000,194625.77653125
812356,125000,133858.96129687503
1929712,515000,517988.348125
1641214,210000,210529.89171875
643427,270000,275317.26818749995
1463901,235000,217325.16974999997
1299048,150000,148753.34968749998
1216991,300000,301710.436875
843739,386000,378140.69974999997
1855645,155000,166227.985
420479,495000,534604.484625
911262,110000,109142.672234375
1112292,649000,645115.2643125
282857,182000,188029.75246875003
1718593,307500,315078.364
1452447,180000,245329.2065
1512973,570000,582456.1640625
237386,220000,219583.428625
1193605,2400000,2400958.0968750003
208389,440000,437221.59025
462038,286000,282190.468375
339893,575000,334176.86940625
1082556,295000,290196.765
1056987,96000,97159.39576562501
1695524,360000,353951.410625
286636,447500,458999.0434375
104632,2300000,2299180.2729999996
858089,260000,266215.003875
661178,700000,685083.2284375
1186212,235000,242607.8923125
988565,540000,531107.236
1302818,147000,144371.48596875
295039,855000,843950.5170625001
1589402,522200,526343.5509375
330904,490000,515269.27165625006
1025989,480000,374028.78659375
341103,171000,241623.606
824315,394000,374429.1219375
622593,255000,232423.55620312502
1047417,500000,505779.0176875
1472096,577000,576888.3876875
1414520,360000,348731.429375
1211965,316411,347407.039875
1231028,375000,346498.6381875
1429946,645000,645255.015625
1779845,350000,350801.92312500003
1468290,115250,123762.23376562499
508322,145000,156820.991234375
1011598,230000,222736.66684375002
1741348,750000,743864.8184999999
1817819,300000,299012.9615
1253776,355000,347709.23281250003
237419,365000,380518.797
264068,290000,279382.799765625
368865,255000,254700.6884375
1550750,335000,341540.01525
96339,235000,290216.9649375
245802,400000,402865.67146875
1358087,387500,352267.62515624997
1239186,175000,170852.98106249998
1772314,280000,267403.59871875
1734455,685260,694306.09525
424525,215000,217730.47275
703980,730000,741532.0684375
301824,245000,239976.30525
309431,500000,493628.22599999997
1350874,185000,189851.438953125
827400,390000,383378.94425
483567,310000,196107.18951562498
223108,105000,109085.1475
1445055,76000,83307.39057812499
1165995,96000,95420.24234375
1771358,175000,188174.418875
1414562,255000,252684.8690625
162112,245000,233479.58790625
1678160,180000,251951.8040625
1689196,239000,237893.45109375002
763496,440000,456052.14321875
1865862,307000,309768.888
1901373,195000,197878.601953125
142640,156500,147980.1471875
1535981,350000,334977.40734375
934335,212000,166647.1925625
1206862,290000,301885.364765625
859156,205000,171470.75765625
1528556,990000,655279.3991250001
1647519,160000,180468.97115625002
1550390,180000,181289.99059375
1352445,185000,192818.618484375
1794213,220000,225519.03615625002
1018026,377000,373058.88656250003
1718385,320000,305155.585
348582,282000,231558.18074999997
1148097,450000,443014.3158125
1596705,139000,146814.27559375
1087328,457000,457549.06181249995
1063909,185000,191581.75115625001
554250,284000,249328.440375
1380549,190000,205832.38546875
140508,362000,356370.613375
686728,753665,801630.2053125
592413,250000,187085.52731250002
1772278,303000,287735.6821875
1573679,400000,391851.91703125
1041809,540000,539391.1936875001
740459,229500,229051.268015625
1745709,383000,383886.63375000004
1315273,480000,476470.5108125
1360183,420000,413007.2409375
1337052,300000,253883.42578125
1816667,415000,521470.83624999993
505565,167000,170139.34025
1169874,300000,283702.8459375
1113870,235000,231334.64828125
1262326,87000,92738.53075781249
1143831,617000,599112.13375
541993,128000,123477.2935
1495570,380000,370959.55256250006
404555,140000,146577.939
881282,265000,260014.10575
645654,675000,681057.6207499999
1474488,297000,300691.6015625
1117189,247000,251149.58334375
1718065,94042,125623.46088281249
918929,637500,638368.6928124999
646045,740000,738973.6337499999
612703,196000,216805.73025000002
742990,247500,248469.39812499998
850451,350000,348289.5903125
66604,600000,589730.4596249999
1497646,157000,150309.17578125
683067,378000,353830.03987499996
408254,600000,565817.721875
1406855,380000,377585.33921874996
1467710,146000,167882.783203125
111284,245000,236510.45078125
591881,165000,152573.83192187498
615365,444113,448021.61037500005
980520,1630000,1632829.4725000001
42420,270000,277264.07393749995
1707578,292000,289913.87203125004
128009,295000,310545.56043749995
1467759,138000,177389.98812499997
400890,115000,133380.185859375
637218,202000,194048.71771875
789139,275000,286528.8765625
1162126,392000,399395.943375
58294,243921,234366.064625
1908569,1200000,1215290.647125
254699,280000,217405.0711875
964465,200000,225015.639140625
1680627,325000,334439.9335
979746,290000,274774.80425
1677309,335000,349484.0325
1649752,351000,264250.393453125
888475,150000,166550.19125
35986,150000,151027.3025
80829,210000,244027.55
1944901,290000,302576.9765625
1627032,585000,599808.86671875
141997,352000,352516.28925000003
157598,395000,408926.28543750005
1368878,550000,460772.58759375
455280,175000,172748.65460937502
653006,447000,452539.92703125
477010,635000,638233.212875
934105,210679,219331.489375
1612730,193000,199533.130875
500939,410000,427007.061
332548,318000,309776.3038125
1378762,165000,168999.55415625
1314403,162000,194002.836328125
1460221,760000,769514.781375
854071,385000,385529.219625
13453,275000,243727.77899999998
166173,260000,261084.11367187503
568740,385250,371284.524375
1146256,190970,189189.55899999998
774087,365000,335226.2709375
448083,415000,415624.82649999997
866712,226000,230624.15687500004
425255,476000,476649.71656250005
530603,225000,238103.1369375
1919230,460000,496472.0895625
332906,237500,231508.84453124998
1106123,340000,363880.39640625
924766,168000,163978.891625
347834,211750,212563.74175000002
1146961,280000,280078.32721875
507788,395000,392588.41453125
416764,770000,724336.471375
876773,274950,229457.9828125
110996,290000,290156.3665
636883,235000,246836.373953125
421852,385000,393290.74031250004
1375184,550000,546330.1640625
858089,175000,169702.060734375
1360688,710000,692318.9325
850257,640000,645232.696875
89275,300000,250946.33296874998
64116,363000,364348.09125
592288,500000,499586.765625
485003,265000,275410.8984375
690760,237000,229829.59364062498
1689075,347000,336863.6855625
1338089,231000,216218.830078125
1250620,530000,528466.411
957054,155000,156257.62525
854152,225000,239766.828125
88276,85000,189114.9429375
1526693,153000,153766.3474375
1756644,210000,219193.43540625
1459272,325000,318886.13953125
820736,275000,280066.0446875
207849,87500,83067.12317187499
765522,282000,277614.20687500003
1793936,330000,327088.65884375
1291563,143000,140584.53062499998
416801,376000,356866.10512499994
279033,305000,316013.7625
73763,550000,531888.8000624999
1710451,342500,345246.5844375
1810176,250000,259688.4825
995111,160000,177768.1481875
568583,355000,351779.773125
789945,640000,642449.5471875
1938356,116000,103632.768125
668716,250000,253666.85414062502
1767306,410000,380882.14453125
17011,194000,170520.00421875
226099,220000,199647.888703125
696345,150000,155437.10175
1406395,320000,310218.565
506184,315000,300672.694171875
942297,505000,503632.8878125
496260,622247,623752.5781875
1053927,142000,147548.1976875
811971,243000,256180.888828125
1049575,301000,284086.207625
1292807,880000,830541.7029375001
1205606,420000,426495.828125
150892,196500,205147.16578125
450198,1095154,1070505.4821249999
216184,557000,555933.8427500001
1269254,185000,187250.270625
1832967,491500,473016.7109375
389405,223000,232407.918421875
1742017,96667,158289.31109375
35703,500000,505982.46212499996
572252,438000,469135.47243749996
911231,310000,307218.615
682742,180000,217820.206578125
1398746,440000,438539.65593749995
725424,341367,346935.83812500007
416376,758000,770972.1873750001
934022,330000,367600.44762500003
420479,575000,526326.887125
1699202,115000,108948.854765625
603912,210000,207371.52953125
1344676,385000,374206.189
1665651,508000,505307.59643750003
27401,195000,193355.80240625
1185994,2408735,2395297.7055
1455301,176385,179363.229375
1505391,500000,500825.03453125
1767377,330000,366587.17125
1711067,230000,227417.16900000002
1585924,1194975,1195338.5595
1666170,284000,288988.7858125
1421161,90000,205528.083796875
248989,305000,305027.24215625
1527412,285000,293225.2835
63711,370000,363925.32693750004
1794402,205000,210523.86875
119638,150000,157404.19410937504
362927,410000,409712.44599999994
1045623,325000,330115.64025
1753301,195000,187689.52812499998
1428917,302000,306373.783625
637426,346000,347780.15996875
774687,870000,873107.595375
1170897,320000,324653.92059374996
1691629,197000,191912.86915624997
248005,256000,256269.78656250003
1144253,255000,248885.70637499998
1201654,280000,273021.36312500003
1011633,150000,309171.48046875
131320,400000,394462.713
947785,275000,280488.4090625
1884954,410000,368257.585625
801434,330000,324056.58709374996
888363,615000,594979.1123125
1193495,220000,226674.170734375
1839817,285000,229340.94726562503
755637,280000,284397.21196875
219439,475000,493322.30140625004
774045,310000,308524.58150000003
1117222,301000,295717.27625
615080,800000,802354.3178125
851307,220000,231332.64281249998
1444195,267500,252375.79734375
538295,190000,263136.06618749996
20775,218000,326993.170875
1696218,1050000,1049927.034
701769,90000,95942.1740859375
1361085,128000,177072.24393750002
519290,180000,154046.923875
1261363,340000,338868.01434375
1459604,655400,668445.8674999999
1691903,425000,427026.13312500005
1094226,325000,309672.075
1016881,432500,422560.075
618084,280000,316563.2705
757543,500000,501187.220625
290357,380000,376615.40625
462595,660000,660665.0902499999
1450883,200000,212986.70043750003
469729,175000,359038.13034375006
705456,435000,430258.9269375
230786,223000,226194.6628125
1873573,320000,299201.9291875
492347,500000,498526.84699999995
530591,145000,150876.73359375002
584225,485000,467529.93624999997
313276,198000,194023.67962500002
1466575,580000,538745.78
363570,90000,88546.25717968751
477148,250000,250538.761640625
516573,145000,200229.16374999998
1198702,231000,229583.592375
1527567,320000,320160.05729687505
1168926,250000,276578.33296875
1612945,556810,541482.7810000001
1862099,252000,262422.16101562505
747228,627225,625131.908625
1178731,303000,300905.1155
931407,175000,232825.534953125
1680939,672027,665404.7585625
412267,225000,226506.5683125
1708844,220000,193090.14715625
615417,335000,357655.08625
1524796,105000,104901.39
556836,192000,203712.92578125
1542763,675000,677608.001125
1592629,236000,254826.17578125
1870808,205000,229250.37187499998
1581793,400000,392329.6065
1839186,205000,219349.30209375
797962,330000,353740.2978125
211271,708000,704922.93625
279159,1850000,1851847.03175
1557981,230000,231560.730625
99421,330000,330018.7584375
1360645,240000,233269.064765625
789767,210000,207664.875
42696,335000,332236.718
614507,325000,322485.41675000003
455280,178550,174514.92839843754
553090,271500,274468.16775
825214,320000,318119.926875
1518343,177000,173942.62945312497
1239657,195000,195534.27646875
1511192,100000,246432.00278125
1294076,760000,762052.5922499999
351322,335000,317027.59725
618066,255000,219217.80074999997
996218,385000,382835.2646875
1192928,140000,150201.21953125
31907,150000,161261.714109375
1087132,730000,729483.419625
980556,841000,874463.425375
1413430,300000,355692.12890625
825583,250000,250461.870625
1125169,352000,379256.965625
825688,304000,292640.7541875
499923,320000,308109.286875
719413,300000,297388.7753125
1783177,597500,588339.3197499999
713897,385000,291977.38390625
889409,855000,854542.695375
1238542,175000,182734.781625
964338,238942,237310.6594375
1261274,605000,605791.1750625
424525,118000,116878.16359375
412120,169251,236614.26825
516027,268000,276378.60909375
599669,740000,734670.8565625
645489,285000,296423.6831875
926325,190000,192641.05437499998
664416,650000,649534.2790625001
1768916,186000,180008.90314062499
1008783,268500,483019.28024999995
222003,240000,245389.16015625
142268,500000,490357.76718749997
302599,555000,557236.077125
1581063,277500,276864.873046875
415945,367000,359141.28046875005
766763,276000,273754.036171875
880784,128500,126855.521953125
241860,247000,252174.57306249999
1419901,481000,486695.94187499996
219155,760000,753451.373125
1913661,225500,217916.64562500003
880776,650000,657114.0868125
1621248,623000,619503.285375
706604,265000,272487.93584374996
881951,242500,303046.66931250005
1360000,460000,448525.75924999994
1816012,280000,263106.98479687504
499976,577000,575454.0847499999
983539,265000,260344.554875
622684,775000,788290.9287500001
1771892,780000,766248.4237500001
81262,443500,430762.668125
1794895,275000,272689.35271874996
827718,452000,457954.11165624997
1413432,360000,369732.35375
1870300,535500,538409.0390625
1042097,352000,379381.93987500004
104381,465000,459012.2016875
1855001,470000,449281.69062500005
1520049,250000,244780.86796875
682715,250860,251492.630390625
1132802,250000,265191.846796875
583891,175000,187124.98828125
1201511,210000,210940.15540625
19798,313000,306188.345109375
1628122,211000,209962.7640625
1429699,240000,263891.31184375
1276572,425000,422878.514625
317812,310000,302963.3930625
1006575,310000,315499.36193749995
1916441,950000,947183.2479375
1569675,108800,118162.122125
569086,290000,279668.1988125
301827,268000,264144.0860625
987492,820000,797627.7065625
187836,200000,196449.67525000003
827527,167250,151713.0771875
1749624,982000,981610.4512500002
1185003,226000,210227.43881249998
1254816,300000,298455.4129375
957047,265000,247425.88203125002
1763679,330000,327889.766875
1018846,770000,769686.267
728139,300000,391874.53375
705185,295000,280056.99799999996
679862,460000,475510.35187500005
359213,360000,351529.81875
408254,125000,174711.453046875
1649703,2075000,2068301.27275
870972,400000,403839.76425000007
1322081,302000,300402.6519375
1512430,215000,216058.7979375
393251,547000,543203.384625
103579,245000,246441.65028125
690557,195000,190359.22890625
919061,170000,170237.0625
1505217,575000,634743.1392187501
145690,327711,327292.21050000004
66570,226000,223642.88296875
622558,235000,224271.93587499997
1424837,252000,251119.716375
1550575,182000,174573.8044375
1072449,485000,482827.25325
1419865,350000,340042.976875
490086,351000,332960.34500000003
50584,310000,318638.43549999996
629413,325000,287456.84825
828209,495000,492021.25875
603912,85000,97134.176359375
1883902,100000,206193.54343750002
1809599,210000,211759.56059375
1337835,1400000,1397755.546875
1646715,440000,428276.53987499996
162864,395000,386241.710625
1701369,450000,430735.9896875
356237,500000,497536.5871875
1215875,70000,65827.8742890625
1010999,275000,267653.4525
1162151,600000,586891.231875
163816,250000,207877.417734375
1112717,236000,242629.71562499998
1542745,120000,312033.95453125
1116563,337500,339222.9375
858019,125000,149189.25246875
480997,348458,236614.26825
1794671,444258,454026.8996875
1132811,300000,311825.955625
477039,185000,184620.02751562497
934126,250000,258301.29931250002
1413366,267000,356438.3905
741195,82750,107359.2490546875
1063598,420000,418004.75512499997
835596,285000,271668.6275
991372,150000,148919.0800078125
889598,373000,369509.810625
1877711,369000,380210.530625
12454,104000,106848.80803125001
542904,825000,819696.445125
604437,230100,218950.785625
179008,265000,266013.453875
698834,1977500,1978828.8575
668752,710000,713638.5615
945582,252000,274143.17343749997
455173,208000,233603.66203125002
211341,980000,979295.3105625001
218863,180000,185046.40625
1854713,190000,196355.48762499998
34919,424000,415302.9440625
1345935,335000,342356.62703125004
1482863,2200000,2198624.6890000002
1520547,980000,984015.844
1946051,150000,177072.24393750002
199063,1580000,1590654.8542499999
637218,138500,141171.891
646035,65000,68641.23521875001
774643,180000,186621.389390625
1924341,230000,214258.6015625
1108796,246111,246164.96265625002
81048,354000,181959.58825
1877422,206000,207224.7675
1238648,151000,143779.20590625
836110,145000,154153.70226562498
629374,375000,381173.8675
1358594,170000,191440.051171875
385589,350000,351205.66721875
1869610,137000,124923.93346875001
455001,605000,604372.517
1616631,242000,242865.410046875
1903786,130025,127828.810078125
60968,478000,470522.07775
767016,250000,252628.89585937498
1098832,220000,205761.4321875
729234,294000,261447.78515625
279652,225000,224620.924375
812714,250000,250921.98546875
743418,350000,247113.20109375
1754830,395000,394601.37890625
249390,260000,257866.09475
676126,99000,109173.8513125
1505446,560000,560510.3725
1176431,555000,553619.5261875
767117,162000,163838.33550000002
43565,89000,108421.277046875
515621,205000,197970.220125
1885443,255000,260915.4748125
542816,827000,831840.6577499999
478325,75000,75792.1812578125
564657,186000,173636.0803125
1285218,195000,184234.16190625
1101759,235000,248759.47425000003
463091,440000,491955.11268749996
1777430,810000,816911.0675
657806,570000,569346.77925
1627107,290000,288649.38937499997
1124772,115000,220244.95228125
736288,242000,249525.16224999996
1273467,450000,438688.05500000005
1086912,410000,422128.61968749994
1634704,384000,378280.6781875
1185259,450000,279251.87915625
932777,82000,154703.24496875
612703,290000,252448.69950000002
934571,176211,205832.38546875
202889,295000,290557.813203125
446497,258000,266934.825625
926375,630000,616951.71375
828445,190000,187938.914296875
184811,125000,148066.45975
1246159,320000,314497.547
838839,348000,349751.2260625
438722,1425000,1409751.9915
1821327,505000,503630.1253125
1372155,365000,368716.58184374997
1852557,255000,420119.02640624996
295007,1595000,1595500.31
359908,205000,222429.26446874999
1132453,785000,780603.1661875
120081,250000,251886.206875
1319348,247000,247839.34499999997
947061,390000,393223.58774999995
110708,190970,183895.20646875002
1916576,359000,361899.03437500005
20396,261000,264027.67359375
1201259,818000,814842.5538750001
1429699,418000,389475.67725
1597227,291050,291016.73496875
1199904,300000,296190.66750000004
841324,223000,224684.63453125002
728415,320000,295349.482921875
1139912,162000,162824.92715625002
1337040,340000,332195.580734375
234845,167000,204471.27
1147486,225000,214357.91859375
1079579,68000,79078.91484375
1147669,451000,446494.37775000004
987421,565000,565100.291
204253,305000,306935.10421875
1528271,600000,616403.83259375
774251,263300,281758.7645625
1063904,225000,242834.192109375
1935209,350000,360286.91875
433060,206390,252305.3634375
225794,810000,824791.9712500001
50147,215000,243006.800625
1060739,70000,71255.930703125
1574003,95000,103560.74628125
972944,402000,398296.05875
58614,472500,361349.943125
790228,281000,281044.8775
945423,164000,159105.849375
1863138,391250,392886.26437499997
1406434,455000,417245.99375
676425,390000,404292.3715
64748,220500,205045.988671875
469527,440000,434040.78909375006
1352455,220000,220354.350375
766745,132500,134642.5428125
1672943,300000,299471.48493750003
1908594,610000,580088.311875
874226,257000,268941.29600000003
355980,1095000,1093608.295
1091820,440000,448257.566625
264566,200000,200393.435390625
859111,230000,236563.0471875
889429,450000,393581.73125
1489504,264000,258375.703359375
1182527,240000,259928.317265625
577218,382000,364442.63375000004
1501592,395000,387058.7665625
42417,175000,172531.0104375
1718065,230000,221911.04525
774238,125000,128564.7536875
1026843,173500,178858.38689062497
1437568,552500,550164.201125
1200506,612500,619577.8103125001
1585128,286000,301077.140625
146886,260000,272563.299375
1556466,200000,383653.03762499994
1223508,271500,271963.01854687504
57527,715000,724596.729375
638284,501000,530619.44
211336,845000,837289.6587500001
76783,295000,296838.11517187505
1322613,282000,277232.15475
1094013,235000,238326.6218125
1885479,385500,389511.37743750005
257462,317500,297755.65400000004
781573,106000,115083.2361328125
1113693,425000,430199.1515625
1737170,330500,325488.71874999994
575991,70000,63658.1585234375
958052,450000,452140.31774999993
1828,260000,255924.81165624998
795412,124750,126598.011640625
1900172,150000,143869.00896875
834791,230000,227394.90028125
1908764,215000,233787.711875
889474,90000,91892.79672656252
476989,290000,287164.359125
1246955,545000,541647.227
1132629,705000,696816.5598124999
493258,327000,288263.99109375
233566,195000,199070.84062499998
1049283,545000,537154.534125
1302904,547577,556235.38134375
13237,1169825,657111.56
66146,470000,475075.68693749997
462551,1050000,1059060.6736875002
714047,163000,371392.89275
1714225,224870,223057.38295312502
1799959,515000,515417.1717499999
614321,220000,221379.92775
896026,450000,439737.409125
1436466,280000,277844.259875
1549005,500000,493578.388625
815929,142500,146725.570671875
508721,294310,287400.53387499996
212643,269000,266732.54375
1885879,131000,127747.59375
889482,465000,507239.59112500004
1724154,510000,489863.088125
5179,69000,70154.980546875
135168,760000,760520.9054999999
218283,207000,207762.64809375
1794851,907500,909567.4713750001
1602763,315000,321963.1803125
119263,228500,245765.14340625
1655216,235000,174178.63323437498
1877008,360000,369190.2435625
1590026,207000,206658.897171875
1901364,90000,87128.8369453125
116856,190000,194177.94903125
1589525,450000,457894.33424999996
850825,402000,410802.9790625
645835,1325000,1267202.5942499998
919058,347500,343646.1950625
126774,375000,369541.34
183864,188000,211276.72209375002
1228760,172500,158017.6378125
447601,267500,260709.65843749998
1749623,545000,517584.189375
301729,470000,411335.11000000004
166009,435000,435157.88875
1367841,232500,232123.65446875
1802571,95000,99497.74625000001
393504,335000,336670.603125
1192928,255000,247702.95875
896510,412500,413783.12484375
1056299,750000,734153.342
1649995,180000,186656.129953125
208403,236000,253640.63359375
305640,270000,229200.09612499998
1715026,270000,284427.94359374995
35714,2625000,2628902.9725
1337768,795000,806925.3034375
309421,1250000,1250642.074875
1018863,300000,297212.344875
1579728,305000,245329.2065
1078083,231000,230395.7814375
1138043,288000,282372.023375
187763,306000,300219.237
322192,245000,232825.534953125
614354,178500,178371.0985
1319177,470000,441421.15549999994
1010482,235000,235775.706375
970414,257500,250633.14146875
81661,650620,652323.5040000001
896790,435000,440242.47474999994
1223432,785000,793682.2275
729172,1875000,1874016.2606249999
889618,275000,266086.92656249995
1238522,440000,434895.2296875
1892376,270000,276526.0188125
80548,950000,953182.6273749999
1907782,617000,597196.5065625
1019340,345000,333401.21875
656133,235000,237388.86646875
1413497,315000,318807.05853125
1083672,187000,207211.22925
781572,185000,187252.13671875
512669,219000,215878.47853125003
881483,762500,772926.0097500001
1337629,275000,297000.40987499995
863426,237500,247756.85578125
850140,258500,230322.93203125
1477806,368500,375623.07574999996
1436990,190000,189781.61390625
1574027,160000,159290.27915624998
779446,160000,151933.9190625
386287,430000,430456.9291875
431876,470000,470720.19068749994
1452627,317000,318926.153
265194,218500,218839.55625000002
1120135,164000,152192.04
1175690,465000,401319.17956250004
1231886,265000,262135.23875000002
1376395,653500,651134.05625
508322,167000,164669.50821875
294327,358000,320501.0953125
1299834,735000,756180.3778125
1353121,760000,750451.926375
1808924,502000,506990.884375
851324,275000,287835.111375
219330,293000,291628.792
1939264,180000,185719.67771875003
673841,245000,281533.910125
1223553,375000,386720.9209687501
294474,457000,431517.263625
551685,305000,304199.40234375
500781,301000,304122.6368125
789700,275000,281720.659375
370763,200000,195685.28375
796762,375000,390625.48828125
1485716,214053,211089.41700000002
242303,407500,399859.8257187501
1063719,392000,393796.87312500004
294187,2000000,1959747.474
987709,205000,152071.59803125
957847,370000,360338.04890625
1047360,250000,245680.2909375
1535025,200000,202247.91999999998
80594,231000,233774.27774999998
767722,361500,480563.35621875
454462,410000,411270.51740624994
431882,627500,612530.8865625
858879,107350,110779.57773437501
615494,470000,487940.349375
1596456,300000,321827.219296875
1223746,285000,266242.763875
1353130,276850,272252.4583125
1382619,380000,387622.01981250005
1779589,750000,737989.348125
1094538,557000,563177.93625
69960,395000,403839.31921875
423730,182300,183258.38737500002
1383659,650000,635121.7518750001
1757195,190000,187066.3645
1247100,295000,278100.48790625
1140540,330000,329086.93796875
1718386,180000,184459.79010937497
1877383,80000,79260.92175781251
1722888,241000,238580.97574999998
377951,550000,549523.265625
1262326,160000,150259.507453125
1945572,137500,287456.84825
1428902,280000,282536.943859375
1344509,340000,349580.8090625
1113693,290000,289240.863125
760019,110000,179622.38875
1094048,405000,368614.73390625004
1198558,210000,303046.66931250005
1093315,237000,246397.6794375
584948,215000,232218.08803125002
1360786,885000,880545.68125
1018355,157500,162310.5404375
150702,575000,572232.8542500001
805698,935000,930011.49825
1009277,415000,416149.0768125
122818,316411,318840.15187500004
781504,262500,267469.276875
1246977,540000,557753.521875
984660,77500,91892.79672656252
545853,155000,187506.73200000002
157613,350000,350288.41500000004
1809007,700000,704346.94875
1357315,52500,62648.725000000006
1673848,305000,311252.9028125
843739,275000,274783.620375
1452188,750000,761398.8037500001
1466575,885000,988551.1199999999
49829,91000,262588.14421875
523151,280000,276128.90987499995
263212,220000,222562.69131249998
325886,240000,231170.72712499998
42416,580000,577798.71375
119252,98000,92175.296109375
269297,206390,232476.6098125
912325,121500,126905.79843750001
712937,250000,252414.624328125
1159136,345000,335118.97885937506
1794106,285000,281243.8284375
1026771,294505,292576.88578124996
1924393,252000,354661.86318750004
1264898,168000,185551.098046875
979743,437000,476343.55234375
1762139,403000,409800.27749999997
183682,90000,88179.8487734375
582942,175000,164893.14325
324853,550000,550533.2955
185882,165000,291417.8678125
1136591,233427,238204.97437500002
1299013,267000,266592.51140625
589804,207000,224304.87459375002
827710,456000,396511.1030625
1798731,170000,174178.63323437498
1643237,875000,880304.6909999999
1890513,241000,389809.06925
1787234,225000,209387.46440625002
1719057,165000,186771.47884375002
1520430,300000,292241.77640624996
24659,88000,84897.727921875
668752,710000,713638.5615
1247125,226000,229992.07631250002
264243,515000,494027.07225
938623,300500,298460.344
249999,353000,378852.7031875
1673663,510000,506505.516
1634707,470000,461029.05062500003
858017,150000,165518.690625
1231724,951000,928753.2427500001
801769,75000,71259.637703125
934307,287000,291425.255859375
1006653,406800,408312.69534374995
498520,184185,188340.12632812498
1519707,305000,367544.30153125
524105,516000,512966.5391875
796965,300000,297486.475
249011,270000,269702.51315625
1493042,162500,152162.945
1265119,150000,144676.14337499999
779887,240000,201648.57514062503
789774,205000,206354.900390625
1801247,260000,263576.2311875
1574629,225000,224361.455625
926012,468000,348745.42996875005
1121331,375000,246998.8625625
554198,247000,223391.369390625
1101576,360000,341760.21946875006
644852,1450000,1452447.48875
423585,332000,331203.3034375
1836431,450000,444077.20274999994
1314724,437000,435496.39046875003
107682,415000,415356.140125
918845,700000,710479.41
1877403,133000,133369.54750000002
843672,390000,383586.0263125
802840,242500,234565.41825000002
1011128,600000,625840.314
705401,320000,322570.0595
1163285,285000,292200.64743749995
256455,337000,355004.27475
1752129,330000,342109.10825
1117382,300000,509661.754875
218207,590000,599593.02975
27377,270000,236453.61140624998
661,347000,345483.039375
172649,110000,110623.49034375
257129,745000,744344.5912499999
598807,513000,521509.51800000004
865617,150000,152387.390625
28193,2350000,2347273.744125
1429665,250000,249616.78
1093869,265000,263879.63578125
728330,437000,429249.47859375
1550444,176000,180937.77975
1009016,375000,369343.58
633436,340000,323034.94368749997
199063,2280000,2292646.0105
1436353,850000,845448.5040625001
911287,1500000,1495881.221125
1034530,365000,373270.64396874997
57792,140000,140451.875671875
371289,625000,636199.362125
1748483,245000,222740.39221875
112030,160000,159990.42434375
1019149,175000,190103.97262500002
1044976,279000,289706.463125
643002,366000,437000.52153125
804524,460500,463122.765
492855,395000,387363.2107187501
1681399,560000,556862.6259375
1627109,198000,196998.7125
1074967,110000,116032.68782812501
1900406,181000,184785.45434375
1870222,210000,209603.202875
447001,241000,244583.60296875003
1825283,367500,318319.3603125
1322715,825000,831629.915625
575954,387500,382967.4518125
1361197,196000,254141.90424999996
1839452,330000,338149.16015625
1291586,750000,782853.717
894363,150000,152914.34900000002
287819,213750,237179.825171875
1102244,233611,235491.39481250002
908290,232500,225729.85260937497
1247323,151000,148296.640046875
1080040,450000,489256.047625
1478057,275000,254795.30049999998
1284867,305000,301088.54671875
211509,430000,421916.0008125
713777,1150000,1137455.2267500001
439031,396826,439488.76125000004
4728,292500,299260.30078125
272390,405000,407617.11453125003
1436227,360000,325183.7068125
1688003,137000,145174.8235
873288,232500,232280.98523437497
576603,255000,259883.84315625
1612870,100000,141328.131875
1003839,97500,97603.5328125
115359,115000,113251.023875
1695432,260000,252633.4453125
1193092,265000,270873.504375
1068151,400000,396572.58125000005
1467323,1000000,1000704.7540000001
1002728,317500,314044.018875
736690,1200000,1195361.91625
1823564,580000,581294.713875
439031,329759,300904.30624999997
645151,96000,147372.2285
1124771,535000,514147.51406250003
606854,333000,317238.223125
1569663,241000,270207.2173125
996026,660000,658059.9849375
977661,146900,145365.33320312502
1884954,410000,368257.585625
179008,330000,322868.153359375
1041611,245000,249515.84409375003
1684172,190000,179522.18521875
1291795,290000,304061.24531250005
1802601,160000,166573.795625
789940,413500,423801.30609375
857928,785000,768153.27475
612090,447500,443569.18525
1688584,125000,121617.6273125
1003544,866000,870128.029625
1405990,150000,158938.2775
995035,915000,901823.9124375001
620199,125000,209368.176875
73627,260000,253259.77637500002
438697,295000,289043.9040625
1335744,290000,306891.7203125
81469,275000,213645.29090625
683906,175000,184147.11890625
69174,625568,631216.5565000001
615077,1335000,1335778.61
560837,150000,157606.13353125
1573465,310000,311257.19925
773933,230000,233548.53020312497
1497303,361000,353077.6797812501
1611941,240000,236285.755625
1124982,477500,492129.63109375007
1312986,323568,325663.79821875
1839817,112000,145589.71875
321127,415000,434404.99374999997
1774597,170000,176862.270390625
1527530,265840,263924.689375
1364911,200000,192797.8140625
858763,1135000,1149880.8808125001
1421118,75000,80811.40515625
947908,150000,152227.97240625
1907761,252000,254670.3658125
1688481,360000,322563.13656250003
781787,446000,437508.6484375
1315001,590000,576719.4509375
1762039,290000,291253.7315
599958,200000,211471.62890625
1490187,178500,172581.21484375
661120,315000,341487.367375
1076568,150000,155058.16265625
988579,300000,334656.12374999997
1695465,94000,91930.70742187499
204146,310000,298137.90121875
904160,280000,272347.0646875
1688481,360000,393747.66484375007
1422262,180000,177515.96850000002
1474821,230100,229258.098125
1292766,525000,502249.1142499999
226075,90000,91154.96873437501
67151,476000,471443.57406250003
150754,260000,261592.33743749998
1067424,261500,238666.86999999997
1223384,610000,512199.90890624997
797440,837751,833385.644
1116508,475000,455196.0105
1376335,110000,157054.66090625
964393,108000,113035.665328125
1037162,300000,298344.1899375
1372469,296000,290229.31884375
630301,615000,592510.7784375
393878,220000,206366.12003125
1403080,50001,49423.75897265625
173152,240000,241892.47534374997
546625,445000,374132.1828125
1634672,380000,395879.90793750004
1488112,270000,303046.66931250005
676184,450000,447664.771125
208344,280000,294625.00924999994
584884,670000,671491.1120625001
1200749,170000,168966.264375
1584953,215000,214172.4375
1518344,369950,384804.6525
1292807,600000,606259.731
1665301,485000,480197.62265624997
469526,330000,328111.1671875
246898,370000,371392.89275
234247,200500,199715.34553124997
256338,550000,552703.30828125
1277614,160000,157532.0480625
543479,231500,228133.75781249997
92011,200000,202533.88275000002
546755,300000,295529.57756249997
749112,255000,300797.5495
13025,690000,690856.31175
148380,265000,249150.52200000003
20574,615000,619055.7035
1000631,158000,161340.12142187502
1551743,242000,262025.59851562502
447088,656950,643664.05825
1566670,340000,364770.718875
1306659,152000,149570.91324999998
766755,214040,214590.11953125
1307638,310000,314339.77625
1884924,260000,287915.708125
416876,680000,680066.73415625
991999,332500,333748.253
429871,233000,232230.505171875
1711029,455000,453479.39450000005
1444189,96000,152071.59803125
1025978,232000,223251.99609375
1740728,550000,286601.74678125
1358596,528000,489731.26109375
683906,85000,169149.570046875
673077,265000,262556.93053125
865761,265000,265841.32446875004
1721807,174229,236614.26825
1063600,412000,412129.6041875
507789,331000,325475.87474999996
607421,835000,828127.4484999999
507787,101000,94422.471609375
861732,239000,240981.2625
1297631,340000,346264.4600625
1906776,145000,154104.90425
721487,275000,273254.7455
57653,295000,287622.6075
511636,135000,136773.34775
743321,340000,348908.8021875
1848105,165000,124923.93346875001
781503,695000,699933.3075
1657398,955000,944399.0025000001
886137,1500000,1499984.8800000001
35184,320000,318677.996
211793,207000,157698.6793359375
72916,810000,804107.5681875001
1923776,200000,196165.325015625
1512421,50000,46135.6808203125
1543591,3200000,3179528.731
1276357,380000,380508.61309375
1138111,265000,323317.450625
1676448,1592951,1598956.4005
1026369,190000,192250.34584375
941853,320000,323213.40084375
645932,390000,443907.89828125003
71493,405000,408273.36874999997
1216041,220000,187114.73965625002
1269679,248000,250704.15596874998
1102581,430000,429401.6773125
766482,295000,290506.269375
393357,341350,353539.2345
1064295,245000,222977.05340625
393211,246000,253588.52996875002
478216,160000,154505.390625
126773,325000,332004.23953125
1328976,165000,151401.22034375
712965,535000,520256.98612499994
857871,250000,341996.484375
272107,767500,776480.178
1641880,230000,238344.66528125
531137,457000,456580.243125
1361034,390000,379295.26821875
135350,520000,498617.49093749997
507683,814000,807124.3700000001
1427487,560000,551682.455625
309829,160000,142609.2615625
1406395,325000,326139.57999999996
597494,292500,286411.67084375
652961,206000,211886.79964062502
1399005,485000,466033.00875
1817183,430000,413838.94453125
99448,236671,232205.41425000003
759032,166000,166560.26615624997
582942,335000,348179.778
1322975,137500,145736.437234375
111638,362000,362771.8903125
1178491,700000,683696.9824999999
1444209,68500,77827.280484375
1337103,235000,234171.04165625002
812064,459000,462343.081875
322193,290000,318065.6270625
1292480,610000,613265.11140625
1658171,805000,805744.2655000001
1518216,512500,512088.50390625
1378830,305000,323032.5646875
284426,160000,158017.6378125
831183,303455,293450.0546875
1650347,170000,164722.34728125
756864,220000,300797.5495
1916438,220000,216478.79671875
492343,150000,151681.44615625
1678865,275000,269988.0624375
234352,777000,775357.097125
1693992,250000,252825.99596875
1673662,375000,366725.72212500003
1680451,280000,282012.0575625
1717150,488000,483487.60031249997
666400,380000,381682.43450000003
158572,535000,559412.67515625
1276544,340000,338868.48600000003
899865,158200,162020.18025
744051,495000,495725.3325000001
1748379,165000,179891.973515625
1532398,212000,217406.10023437502
35989,387500,386077.7025
219331,450000,435459.72640625003
538006,1075000,1056864.859125
912467,127000,132977.481
1654332,320000,325351.67812500003
100870,120000,120681.90379687499
527773,650000,658911.2357812499
1877742,200000,199042.596796875
1249516,650000,649744.973625
1146256,176500,170327.436625
1414651,200000,199524.08215625
1627617,335000,335974.27565625
1298880,580000,582444.52171875
1623085,141250,148683.111984375
980847,331000,322549.7055
1884848,325000,364658.4140625
1681497,210000,207413.56921875
1307330,244000,244660.40465625
1791708,205000,203360.1210625
1336970,635000,602294.3611875001
1646076,340000,336402.10490625
1512708,300000,290474.49418750004
34918,200000,217856.73240625
808328,165000,156247.2733125
1029664,330000,341570.23049999995
463034,140000,163207.73265625
1200546,430000,417646.68637499993
242223,410000,396925.171875
1689035,620000,618952.921875
1634600,855000,845973.436
721722,203000,353417.3545625
196026,120000,135068.8321875
407705,395000,372160.23343749996
1802460,230000,203252.74875
1405700,665000,642072.4777812501
1208927,242500,234587.948375
1452192,565000,570585.6282500001
1310543,165000,193080.744140625
553423,250000,248543.99884375
726628,265000,243020.553046875
1336977,485000,464775.87112500006
1018033,300000,248973.5535625
1904923,67000,65454.60875
1657525,352000,343935.83859374997
1459832,580000,567859.8696875001
1665115,390000,393682.7109375
1718185,600000,595428.3553125
956170,575000,581543.3446875
1919179,100000,116501.94175781248
1254516,375000,370652.88618750003
973443,385000,384325.33496875
805305,1350000,1340685.86375
463045,207000,216935.8620625
859156,127000,158141.85665625
622521,290000,292361.63034374994
104728,307000,305489.89249999996
1860319,241000,243910.40540625004
1276999,180000,173269.20585937498
530994,190000,203816.197265625
340734,1460000,1449954.4188750002
690742,350000,377711.50828125
204147,557000,549133.937
996267,282500,289052.96
104137,630000,635876.8
645447,997790,985929.8206875002
127685,153691,150218.47160937503
370582,190000,193959.518484375
74067,265000,258078.47531249997
383393,250000,257475.52828125
1224581,400000,379832.743
1349344,400000,390245.52690625
286582,250000,245329.2065
1404945,155000,164449.09578125
1353656,240000,256916.78453125
1338232,148000,169490.724375
256281,1400000,378682.62928125
1158406,330000,265838.39156250004
70253,250000,253162.778578125
1379945,260000,255775.5715625
538693,145000,143628.853875
348239,250000,245119.62290625
1931012,1200000,1199510.88525
261259,231000,226463.6265625
1562739,287000,295225.74075
1315149,350000,352908.82068750006
1528141,290500,289786.555703125
408573,630000,594496.2339062501
315645,325000,321066.51931249996
211792,112000,95011.90788281252
521496,195000,253152.20415625002
1671314,353000,367088.8795
498710,590000,590602.47440625
800635,627225,629894.36
1003019,230000,231505.006828125
1817688,298678,302872.0619375
1725603,825000,824386.72575
1101759,333000,333172.24000000005
604483,227500,228841.2178125
621922,475000,486643.7296875
968367,181000,180215.291546875
812328,185000,186392.3815
1306594,456000,448622.9105625
1011418,200000,201257.538625
979773,265000,233774.27774999998
1307637,144000,153085.4784375
789429,350000,355846.54453124997
104216,100000,105332.56826562501
386849,250000,260841.16959375
522756,242000,242029.08015624998
798017,385000,390465.2415625
1810015,260000,250946.33296874998
1270230,320000,307167.2996875
956858,125000,117347.1185625
1475321,360000,362938.11
1383507,462000,458455.73925000004
796819,720000,721112.0125000001
1083485,375000,377440.55840624997
257109,558000,549262.45625
1460203,369000,360646.03265625006
1892370,295000,395180.45406250004
491147,265000,261063.1969375
1321953,267500,486877.66621875006
1855648,195000,196141.78718749998
325369,326000,328651.125
110169,198000,207409.11940625
1452626,310000,310781.804765625
229806,255000,269399.33234375005
835709,660000,654213.5859375
439967,150000,152449.20745312498
942423,711000,707472.51065625
676385,449700,450582.4246875
1900188,325000,321594.0591875
408254,339950,316022.24190625007
1681578,240000,233945.649
423584,144000,170835.33628125
1033364,432000,422759.995
728093,275000,277767.2528125
1868023,255000,259628.23828125
575990,320000,329597.06648437504
1885730,151139,158199.31578124998
1874471,160000,158555.4676875
611501,200000,202482.72946875
461718,355000,352030.0715625
1596705,225000,225946.95165625
1329397,315000,313629.9395625
530298,820000,815286.4575
150815,780000,776510.7890625
1348699,115000,140333.72984375
1930812,928000,923798.9178125001
842599,375000,396331.46509375
1706659,141250,145379.5638203125
1740733,220000,213553.60874999998
1165890,508500,483391.8271875
850484,250000,271477.02218749997
1122442,291000,302391.3725
561796,475000,472789.18575
1839440,150000,154172.103515625
1291586,725000,705476.745
1227107,240000,233923.929
645157,280000,289460.11575
1131557,500000,495625.74374999997
394206,637000,635431.5496875
573729,143000,110293.6584375
88257,195000,222834.63
584599,370000,352195.02915625
1680604,224500,230373.328125
1405818,260000,256537.579875
699152,375000,377482.2859375
832320,170000,186139.36737499997
1536132,565000,565735.9839999999
672522,190000,185916.86996875
1627319,300000,250145.18099999998
865605,295000,295659.19434375
245003,261000,252344.009484375
1942964,215000,213312.61375000002
1418874,166250,189691.154296875
1891846,160000,161786.9398125
523512,215000,214586.3443125
1200741,212000,211823.02453125
1573319,195000,223205.4125
1692527,450000,464321.66709375003
1527569,279000,283198.049375
1436854,221000,254822.74049999999
841521,175000,326875.18359375
663698,309500,310947.02924999996
1072298,295000,302980.2890625
934105,317461,305330.055
261288,240000,239452.59584375
630013,536000,493217.34084375
1436645,235000,246502.36565624998
682747,405000,401997.96725
99834,206000,194128.1780625
1444658,550000,547516.504375
408857,555000,546883.03125
1854477,350000,357987.913
646087,265000,262990.25090625003
698094,320000,321416.58084375
556867,1095153,1089348.4
1940706,50000,49950.30345703125
371247,795000,824431.2300000001
774256,335000,335931.73225
73794,665000,650425.786375
1755974,2000000,1990822.4280000003
1409561,430000,433082.41650000005
1405682,384000,390967.23562500003
1238526,720000,715888.796875
1793903,390000,391375.15690625
1231029,255000,255290.26375
621706,275000,258431.58971875
592321,151171,290318.15925
310131,225000,226822.3215625
1734433,175000,173904.225
1497848,896500,874977.039
1638324,282500,265409.5565625
443236,475000,474582.09500000003
1893495,1150000,1152414.1264999998
1638207,220000,230790.003109375
1517867,365000,396331.46509375
1494025,270000,270204.52625
1353130,630000,623327.893875
721758,362500,195592.639375
1083672,107000,115309.462671875
957977,375000,361304.8725
1390646,230000,329896.34356249997
712937,315000,314028.346078125
549217,448017,459639.1560000001
1322230,145000,141662.06518749997
1477997,610000,581167.9749375001
797812,257500,250946.33296874998
919989,630000,614655.37046875
1868023,300000,306275.357
653007,330000,320388.46175
1941950,83000,72740.0294609375
360199,145000,140465.753203125
51260,292000,304783.56253124995
1359986,610000,583536.899
980556,840000,813531.33525
1026556,752500,764874.9978750001
1070934,298000,301815.80304687505
881845,237500,234526.16578125
1642917,1320000,1316313.49
1551279,685000,691640.1855
949185,800000,808628.126625
1006589,457973,468188.8705
496127,138000,148597.71375
363695,691000,696284.8953125001
646035,177250,175363.5214375
1703070,695000,699904.3660625
961720,218500,258659.15962500003
310603,270000,268933.48075
1817512,375000,358578.55625
1078999,412500,415878.46781249996
1827971,100000,140016.39959375001
1174622,544500,567033.1921562501
1245932,191000,193956.904625
103887,390000,385232.627
1779980,385000,379782.17578125
1345539,340000,348119.0431875
644858,750000,743537.977
498802,475000,470749.49390625
789804,245000,240541.60853125
1120397,177000,173207.6455078125
1100737,140500,140268.18375
1628265,187000,193090.14715625
896063,280000,283248.949875
359193,132000,108421.277046875
577035,230000,236273.10284375
1505217,425000,400292.858
1364885,300000,286131.94
1504658,915000,901489.17075
965561,360000,366203.724375
888368,256000,256916.88
1173781,160000,157288.06293749998
1049496,490000,697319.6035
1437406,250000,251939.50328125
1397726,335000,346788.23631249997
568757,150000,140627.3854375
267724,229000,243032.290875
1565611,182000,182084.33509375
955630,195000,199431.74896875
254699,160000,213219.9685
751633,350000,348555.71446875005
1442724,600000,598890.0319999999
432215,204000,205402.131796875
1436633,160000,152928.22857812498
988628,217000,218877.98399999997
1611678,625000,621608.765625
1300086,160000,144940.63865625
1300082,111400,141995.51981250002
219329,262000,265175.008875
348239,438000,439112.14837500005
1771353,105000,113792.950703125
1787048,476000,476151.66421875
1916184,520000,514069.55225
965660,128000,130670.06484375
325100,367000,383910.08375000005
934009,750000,747539.1814374999
797401,125000,132988.271484375
462528,630000,625185.821
712965,455000,361417.4638125
812876,665000,656473.7170625
170950,310000,309962.60425
28350,241000,238090.1908125
728135,1475000,1480237.1410000003
728131,575000,569962.3134375
1801931,508000,515713.32525000005
210639,295000,286376.09812499996
1069888,915000,914968.996875
1816185,320000,325589.7855
940786,260000,265062.62087499996
1643173,195000,174602.215546875
950434,205000,208970.65167187504
842745,370000,366515.47490625
789881,810000,782038.33725
832320,73000,70517.14953125
89018,845000,840387.8925
850857,195000,199142.515625
475589,395000,390612.82050000003
1482898,600000,600404.057
49998,325000,313520.3649375
1199357,204000,203436.001703125
1063713,280000,288350.789375
1201713,228000,227222.79984375
1853261,515000,522633.03525
1102693,560000,541307.364375
1497047,428000,458961.03174999997
857931,675000,680217.7225
1504940,507500,497451.83799999993
770327,250000,213056.3536875
96122,150000,187594.425140625
1532899,160000,154990.54996875
964465,245000,217312.81424999997
843323,245000,258370.347359375
1877100,1975000,1975812.1875
371248,675000,317439.17625
454435,710000,453366.46940625005
375877,286000,279868.96265625
196372,520000,511813.33125000005
1855137,570000,575234.77275
1696263,696000,698797.9123125
962865,504000,476128.51118750003
917442,420000,332876.578125
986408,144361,147667.93600000002
1074900,1095154,1105239.0210624998
1164180,206390,197557.79153125
427257,145000,161771.28015625
1434298,230000,174470.695
1554382,200000,207597.75325
1176117,225000,243079.648828125
271897,317500,320295.96571874997
1186379,420000,402137.13575
550465,130000,141890.06446875
92675,325000,323459.92209375
1193918,200000,246998.8625625
1643162,195000,489263.81124999997
653536,60000,58371.105234375
1033665,205000,218801.66425
1252886,277000,272048.03925
1884721,660000,658749.2285
271406,389298,387563.924375
614257,375000,366353.12109375
554203,675000,674196.21225
20798,965000,945314.7850625002
512640,360000,347702.3145
290422,843268,782674.8
188050,118000,115755.43865625
1246405,80000,83243.5828125
758849,293000,284132.625
949476,285500,276558.21304687497
1927122,240000,237361.35953125
155165,132819,134201.44
1532913,252000,251253.9771875
1688172,300000,295440.42109375
1321924,295000,288724.99415625003
76782,310000,334429.369375
1311652,279000,287648.98531250004
485336,1065000,1107039.569
299576,230000,236327.7075
1703293,505000,504456.65275000007
1931124,110000,112621.2815
1658464,300000,275962.9290625
773726,235000,237679.94865625
1805344,292000,280656.77175
759871,720000,704608.25125
927595,270000,382261.14175
889211,415000,410828.3519375
416628,660000,662327.8825
1193083,279000,251317.52140625002
866050,645000,624251.3590625001
2361,445000,445515.3380625
1264689,200000,207264.7265
211825,225000,191418.40284375
535840,320000,318013.8044375
1262217,97000,266520.0305625
751932,545000,561097.3000312501
896577,120000,122853.87795312499
889029,270000,277228.661078125
355377,164500,156671.09971875002
1342011,210500,223391.369390625
256625,245000,240373.875625
964338,313500,307383.5251875
748284,160000,157513.02693750002
1936163,210000,218247.545140625
86035,355000,251011.685390625
888436,165000,165502.45275
1239503,390000,423680.11790625006
1908875,595000,601112.8479375001
1183295,340000,346538.78837499995
1102078,316500,319625.2418125
371534,261000,259961.02825
591313,280000,222740.39221875
317295,357000,339585.97335937497
649715,180000,185916.86996875
507631,320000,300797.5495
1209486,130000,179622.38875
1048483,630000,619635.91725
1643156,145000,171231.52359375003
1450000,350000,409800.27749999997
637976,582000,576323.055
127551,500000,488939.493
927298,795000,793269.607
1628171,305000,316319.55621875
942505,570000,575310.4678125
1589205,328500,264250.393453125
927226,620000,606247.9087500001
1146606,230000,249774.62021875
789417,395000,399186.00287499995
881899,258000,270420.6096875
439395,93000,98881.6291328125
1329121,420000,421593.99609375
302686,420000,422192.085
1443859,255000,264322.671125
645647,1180000,1187960.2035
1893557,380000,357368.20565625
1939460,63333,67734.48178125
1341597,490000,481779.5175
592413,125000,187085.52731250002
77913,540000,533235.48578125
336160,389298,393727.0921875
1383486,565000,598012.9285937501
1101469,780000,761619.4724375
1006575,490000,503968.39349999995
1280280,472907,484625.49031250004
1140103,525000,528058.9478125
668681,77500,98794.36025
880998,271000,272850.14065625
651440,177500,175814.9059375
43591,340000,360646.03265625006
1597365,297000,306854.02315625007
758859,344650,344350.88512500003
485336,1010000,977119.156
1710544,297000,291087.403734375
1923691,540000,547050.3632499999
1605383,310000,286104.95282812504
1656221,244500,253546.47140624997
1458241,270000,243088.34068750002
485397,270000,285674.293359375
953077,215000,257524.950375
790113,233000,237335.346
1490221,750000,749889.7348750001
1018169,160000,152734.37868750002
179922,1210000,1220356.605
1124251,335000,333668.66125000006
1642102,335000,334346.625
934057,875000,874926.2469375001
1310456,448019,439344.7471875
1154593,361000,356476.77559374995
1406531,675000,638129.13534375
1069948,625000,608330.784125
744179,200000,233240.035265625
889468,370871,372550.5035
736135,147000,170702.8334375
858019,305000,272380.36125
362717,145000,142645.962640625
146908,250000,224302.23359375
1836140,500000,494866.51824999996
1223733,170000,172322.84753125
455173,150000,169419.354890625
606590,1175000,1184514.251625
1678865,310000,307346.743828125
812164,235000,232965.79009375002
476788,310500,307477.32125000004
1200546,365000,364272.4884375
980849,210000,195223.25132812498
1657689,175000,174684.77590625
1546768,205000,204148.79062500002
1691682,265000,260855.841796875
1177947,325000,323717.281875
1812894,205000,237078.11125000005
477326,250000,252605.12420312501
1269247,145000,158632.5234375
431044,1400000,1391974.57375
988438,425000,419315.9448125
1729555,305000,281924.85445312504
973152,1250000,1235105.6445
1812737,167000,153126.0568359375
797740,850000,850849.0171875
496119,303455,290196.765
1512975,310000,314257.1274375
1672726,355000,362090.7536875
652964,180000,175668.25579687502
1790053,130000,142394.119875
1577276,295000,292355.091796875
35175,227000,222178.85090625
1291078,225000,219522.06625
226462,250000,272725.3978125
808328,219000,219719.34796875
119634,193000,198648.59203125
659945,410000,516842.39687500003
1754831,310000,322668.66796875
1718883,940000,941158.86375
637923,660000,657860.292625
1655483,225000,225295.80603125002
756058,237000,247168.53281250002
1809581,212500,210752.55609375003
855254,220152,185638.83203125003
401657,770000,779615.8525
1642365,380000,374933.0633125
554157,282000,289166.15053125005
1764417,1285000,1276896.9914999998
558072,110000,106880.5885
635403,230000,234025.681875
1376321,230000,222190.13999999998
1352450,175000,176370.248234375
1368210,150000,150236.2015
1303945,132000,131754.614484375
1276462,340000,335490.01171875
377961,385000,386786.165625
1812737,98000,103579.15084375
1707839,272500,289629.105234375
1124243,210000,216087.0153125
1860911,421500,303921.28181250003
1790083,290000,295269.44375
1120385,135000,139730.998765625
498519,476515,470489.9593125
927595,1200000,1023677.2779999999
1087223,700000,695212.644875
20973,376500,407979.30874999997
1276464,279000,276277.75459375
172434,300000,378682.62928125
1378764,448017,447892.75912500004
1701369,450000,483564.7953125
904452,495000,496465.93424999993
1390662,400000,402215.19562500005
1411998,185000,183967.62393749997
153531,295000,269096.5125
27644,555000,548288.505
805193,70000,94812.7441171875
858606,238000,236517.8096875
805741,328000,337479.7066875
231653,352000,512199.90890624997
771284,180000,192109.2481875
62566,104000,104918.4575625
1747445,302500,379126.158125
112659,415000,409490.59612500004
1924166,365000,364775.98543749994
135442,360000,385867.021
637983,830000,830746.433
895958,258000,277872.91059375
1467137,410000,406226.01
927333,250000,252073.67625
1323050,176211,254475.84421875
210573,91000,124923.93346875001
1801487,332500,321207.74418750004
1087438,400000,401557.93450000003
191627,750000,750839.6793750001
1285072,175000,188909.98996875001
1124770,453000,449673.1873125
995987,172000,171130.518046875
618097,587401,587365.0799375001
1155568,550000,552199.547625
135124,555000,557857.01509375
65876,420000,415994.1418125
729171,704500,700404.9761249999
739726,235000,231680.117109375
664717,172500,182040.86432812497
1558190,390000,391044.1624375
1901375,281000,244496.46162499997
940055,265000,260902.107421875
62439,175000,178829.244140625
1680452,305000,305846.3659375
454279,370000,370660.05640625
142075,250000,256908.126890625
96122,310000,259370.15287500003
165033,342500,332435.28714062506
1049283,660000,675367.168125
1307757,295000,416677.44299999997
256460,174039,182335.5378125
892331,130000,129577.1338125
1178425,777500,779109.5194999999
55398,200000,207228.25296875002
1672611,290000,279048.105421875
903555,70000,65821.4359765625
1493,377000,389389.6765625
766493,900000,887660.2986875002
614894,266000,285234.22265625
1585806,260000,255422.43512500002
73053,180000,182335.5378125
1215837,422000,432296.65984375
1261973,180000,182123.70534374999
652572,420000,418419.9586875
908482,139000,143459.464375
1410748,685000,686513.16875
956784,815000,811265.4874999999
630013,200500,228051.776875
20848,345000,343067.206203125
1178453,430000,432179.216
1124243,297000,285166.8635625
1489539,850000,844795.4458125
323477,330000,338799.74315625004
1658510,355000,367087.22875
1619651,320000,319711.0
1405682,305000,308159.43575
1002697,275000,270238.83968750003
1919215,327711,336775.42762500007
1756821,1150000,1144754.4625000001
1209300,537000,439316.03734375
934126,380000,377291.8438750001
237084,340000,333223.76953125
127044,100000,97960.51825000001
732676,680000,679280.6725
1832751,525000,503942.73593749997
166202,91000,84507.197
1198558,280000,317523.42103125
569662,482000,489660.40206250007
1946919,700000,688951.71675
606883,250000,249357.75375
1824920,1000000,990083.959375
1139300,333333,349586.970375
385880,220000,222794.05199999997
20040,270000,284663.80874999997
1315619,395000,393131.825125
415828,527000,525408.6613125
797809,200000,195436.542984375
1368844,375000,369516.48046875
308052,245000,236163.7265
65375,675000,669768.4019999999
912325,240000,234276.33585937502
790342,230000,231279.64618749998
1383593,500000,494686.72625
1467659,298000,295925.553
499177,126000,138819.09375
450186,199118,202130.41912500001
17011,86500,95859.27996093749
88853,248000,205696.56600000002
1276548,240000,244635.758125
1592637,233000,254310.19368749997
1277634,400000,368309.34187500004
1344814,375000,380527.3153125
135010,192000,186734.50796875
650966,388000,398522.57453125005
1714310,215000,230250.320859375
712963,143500,143779.58601562498
1747445,200000,295944.7473125
523870,400000,395116.3591875
4440,395000,402123.07849999995
1063068,200000,211088.30550000002
27504,260000,275827.39453125
23485,300000,301139.918625
782537,600000,588421.89409375
88474,165000,157150.396734375
735611,295000,292350.8480625
1865600,184788,197155.19175000003
710286,240000,224391.92875
908290,200000,194214.80953125
1699131,508500,477096.89671875
408253,170000,172996.5890625
149625,750000,707671.8641250001
35955,625000,598891.8690625001
683045,405000,402176.36100000003
1673747,172000,164378.5404375
1562923,177000,181323.74671875
469337,1269383,1268158.2143750002
56496,665000,663078.14625
1025984,200000,200900.56078125
393230,750000,741322.4275
820970,188000,201977.74695312502
1220328,461000,458669.20349999995
785504,545000,548910.3384375001
781617,190800,218412.27928125
866655,460000,476860.54993750004
1923075,157500,156117.969421875
1657338,270000,274742.4403125
1367675,262000,251787.47129687498
120222,270000,273307.7960625
1792680,1550000,1532892.3615
615320,166000,168438.7696875
523135,340000,339819.87046875
50795,550000,547766.9085624999
1525626,925000,920540.210375
1344676,460000,481864.96437500004
458171,235000,246657.0309375
900530,295000,291788.4585
1603954,100000,130425.1693125
461745,750000,758048.686625
1169851,430000,436595.82524999994
736473,410000,411120.66475000005
1348488,3795000,3773893.3875
668412,2485000,2489414.30925
760019,176000,193188.515625
400780,518000,514110.8671875
789881,750000,779731.4395
858180,156651,160213.83125
516422,167000,168015.31375
789202,206000,212315.433
131318,285000,291501.6109375
672521,260000,263087.6771875
1831720,765000,761742.5765625
1220429,250000,248573.28403125
232117,247000,193234.00078125
1340456,301000,306061.74503125
429872,240000,246652.8735
480997,640000,582542.4178749999
885360,475000,459852.9714999999
528739,170000,171507.642125
1482654,750000,752027.83475
399068,122500,123908.058
1923246,320000,300483.26275
135048,725000,719962.6518750001
909164,240000,160933.55578125
1565712,205000,218452.58325
1757069,235000,277299.93684375
42970,460000,459987.6961875
1878307,95000,93671.8055
983540,275000,271912.42453124997
1772314,400000,403050.84606250003
656132,168000,142394.119875
1779854,277000,277993.912734375
42526,335000,332629.11662499997
954082,461000,480995.84750000003
534051,316411,333559.07737500005
1877380,485000,458843.76312500006
1935623,270000,349986.427125
1671311,290000,292845.18240625004
927186,1095000,1085219.445
795055,1060000,1061867.005625
1620119,800000,793641.13
1617822,337000,354174.76656250004
1596770,1210000,1141740.211875
1896231,316411,320787.30562500004
592046,419000,428336.04175000003
173499,750000,732674.213125
690550,360000,359892.6063125
1558768,1100000,1098220.4296875
107478,150000,145193.391546875
1905118,195100,203785.03632812502
531540,207500,205868.50687500002
1455157,105000,109691.222265625
1938513,275000,286080.127734375
1215951,300000,283703.7509375
842943,210000,202751.683640625
1018767,485000,489862.9395
1650466,327500,328881.98628125
1010730,142500,151479.92703125
1031236,175000,179776.7259375
1367824,275000,271933.66678125
812061,320000,324903.1335
1596502,575000,570134.8086875001
1900911,1500000,1508068.27725
268545,189000,194625.77653125
1740734,249000,245389.16015625
1169851,303800,302730.65775
344924,220000,206589.423625
219424,385000,374300.47621875
1913595,200000,205696.56600000002
1227154,472907,481361.2
499983,165000,164945.50734375
27504,300000,291433.00795312505
569147,405000,410390.53853125
716721,270000,268783.189453125
447592,290000,291935.964375
712965,305000,420119.02640624996
1612383,350000,361533.57190625
1290318,296000,289992.14034375
1865749,406800,404396.6745
1498192,510000,429476.96765625
781268,252500,240799.38678124998
1372157,475000,465335.54125
1943092,275000,275226.008671875
1900100,580000,579733.9841875
1483060,150000,155750.4786875
437053,150000,159586.9605
432216,320000,305943.76087500004
1722912,195000,218452.58325
949947,490000,481599.2878125
1512516,250000,257626.16484374998
1550643,120000,287456.84825
1093870,365000,386205.79443750007
728422,460000,461791.35437500005
1780723,410000,504142.8316875
1595278,236500,234519.96675000002
1930947,301000,296668.44140625
804594,750000,749602.1070000001
668365,337000,338894.10099999997
789940,570000,561432.0808125
1372158,232500,245958.8540625
1209061,1000000,1001943.723375
1436392,337500,350087.10953125
957398,255000,274218.795
781573,117000,118464.6078125
1528322,350000,353227.26037499995
1718122,415000,411406.20125
744528,115000,121457.46599999999
442196,390000,408544.0645
1208371,140000,136226.258578125
889429,450000,519094.01562500006
1931926,144000,141725.5145625
1158346,457973,456234.6879687501
409517,173000,195243.482109375
1520396,365000,375538.93343750003
1855529,325000,348877.3121875
927469,158000,147253.4912109375
553932,985000,985034.5025000001
1077178,576511,578481.258
542629,380000,379189.05721875007
1832751,675000,702402.65875
1213146,1190000,359038.13034375006
978295,370000,323032.5646875
1497568,680000,669693.5771875
1498150,402500,411945.7103125
1602763,400000,391674.12243750005
1124600,285000,280445.84971875
1314552,140000,142776.185625
50072,95000,232851.36428125
1883902,375300,254038.45303125
1002996,565000,562713.8943125001
903555,145000,152058.90975
796760,219000,220932.78115624998
439967,182300,161765.47987500002
440672,505000,512973.14737499994
347562,238000,241123.9926875
1300200,75000,149064.00153125
484934,240000,247251.5146875
903862,215000,174470.695
1703802,865000,847880.9767499999
146908,223000,245506.940921875
1288739,125000,152162.945
195639,210000,213757.19990625
813162,218000,196621.62118750002
168678,448017,442082.63859375
1867984,525000,501214.95725
1862349,1300000,1077093.734125
1323141,433000,443334.31796875
1733396,578000,577763.76346875
561354,580000,571245.6796875
1265135,198000,198205.49346875
1512964,1600000,1596786.624375
1353390,200000,206492.1146875
1212039,127000,139988.1413125
1015941,140000,145704.512375
19843,1418040,1401254.0696250002
210636,167000,160287.91289062498
1273756,80000,81837.4725
1044754,1095154,1100894.3220000002
896070,193000,191825.41096875
554357,410000,415527.75
1190131,140000,140661.99828125
20798,955000,974037.0044999999
1345437,375000,372445.454125
339957,445000,476605.67250000004
13349,165000,172032.193328125
1106926,285000,252449.109453125
888310,416000,372160.23343749996
1875715,280000,231560.730625
1250111,119079,147666.4646875
590567,185842,192110.17096875
1855137,950000,945574.8187499999
1790100,632202,627924.0
1687653,240000,239482.88593750002
1868126,382000,380350.0786875
1946417,100000,108978.358125
1635397,603000,612745.6630000001
735726,237000,244798.29750000002
1314413,182500,211241.62581250002
1551321,630000,629292.8635000001
1927123,592379,589122.9878125001
743316,223333,473832.87453125004
774251,355000,333134.292875
772105,206000,304250.58259375
1200725,350000,345130.582125
1512266,285000,281282.3305
302998,475000,485435.00390625
1581001,215304,230075.417
1101465,680000,679750.734375
1520800,390000,395232.13331249997
703715,195000,188293.51475
